{"initial_reset_timestamp": 1602607414.0531535, "timestamps": [1602607417.7898774], "episode_lengths": [100], "episode_rewards": [100.0], "episode_types": ["t"]}